,Amount,Qty
Amount,1.0,0.06674991851102786
Qty,0.06674991851102786,1.0
